Date,Open,High,Low,Close,Adj Close,Volume
1/3/00,1469.25,1478,1438.359985,1455.219971,1455.219971,931800000
1/4/00,1455.219971,1455.219971,1397.430054,1399.420044,1399.420044,1009000000
1/5/00,1399.420044,1413.27002,1377.680054,1402.109985,1402.109985,1085500000
1/6/00,1402.109985,1411.900024,1392.099976,1403.449951,1403.449951,1092300000
1/7/00,1403.449951,1441.469971,1400.72998,1441.469971,1441.469971,1225200000
1/10/00,1441.469971,1464.359985,1441.469971,1457.599976,1457.599976,1064800000
1/11/00,1457.599976,1458.660034,1434.420044,1438.560059,1438.560059,1014000000
1/12/00,1438.560059,1442.599976,1427.079956,1432.25,1432.25,974600000
1/13/00,1432.25,1454.199951,1432.25,1449.680054,1449.680054,1030400000
1/14/00,1449.680054,1473,1449.680054,1465.150024,1465.150024,1085900000
1/18/00,1465.150024,1465.150024,1451.300049,1455.140015,1455.140015,1056700000
1/19/00,1455.140015,1461.390015,1448.680054,1455.900024,1455.900024,1087800000
1/20/00,1455.900024,1465.709961,1438.540039,1445.569946,1445.569946,1100700000
1/21/00,1445.569946,1453.180054,1439.599976,1441.359985,1441.359985,1209800000
1/24/00,1441.359985,1454.089966,1395.420044,1401.530029,1401.530029,1115800000
1/25/00,1401.530029,1414.26001,1388.48999,1410.030029,1410.030029,1073700000
1/26/00,1410.030029,1412.72998,1400.160034,1404.089966,1404.089966,1117300000
1/27/00,1404.089966,1418.859985,1370.98999,1398.560059,1398.560059,1129500000
1/28/00,1398.560059,1398.560059,1356.199951,1360.160034,1360.160034,1095800000
1/31/00,1360.160034,1394.47998,1350.140015,1394.459961,1394.459961,993800000
2/1/00,1394.459961,1412.48999,1384.790039,1409.280029,1409.280029,981000000
2/2/00,1409.280029,1420.609985,1403.48999,1409.119995,1409.119995,1038600000
2/3/00,1409.119995,1425.780029,1398.52002,1424.969971,1424.969971,1146500000
2/4/00,1424.969971,1435.910034,1420.630005,1424.369995,1424.369995,1045100000
2/7/00,1424.369995,1427.150024,1413.329956,1424.23999,1424.23999,918100000
2/8/00,1424.23999,1441.829956,1424.23999,1441.719971,1441.719971,1047700000
2/9/00,1441.719971,1444.550049,1411.650024,1411.709961,1411.709961,1050500000
2/10/00,1411.699951,1422.099976,1406.430054,1416.829956,1416.829956,1058800000
2/11/00,1416.829956,1416.829956,1378.890015,1387.119995,1387.119995,1025700000
2/14/00,1387.119995,1394.930054,1380.530029,1389.939941,1389.939941,927300000
2/15/00,1389.939941,1407.719971,1376.25,1402.050049,1402.050049,1092100000
2/16/00,1402.050049,1404.550049,1385.579956,1387.670044,1387.670044,1018800000
2/17/00,1387.670044,1399.880005,1380.069946,1388.26001,1388.26001,1034800000
2/18/00,1388.26001,1388.589966,1345.319946,1346.089966,1346.089966,1042300000
2/22/00,1346.089966,1358.109985,1331.880005,1352.170044,1352.170044,980000000
2/23/00,1352.170044,1370.109985,1342.439941,1360.689941,1360.689941,993700000
2/24/00,1360.689941,1364.800049,1329.880005,1353.430054,1353.430054,1215000000
2/25/00,1353.430054,1362.140015,1329.150024,1333.359985,1333.359985,1065200000
2/28/00,1333.359985,1360.819946,1325.069946,1348.050049,1348.050049,1026500000
2/29/00,1348.050049,1369.630005,1348.050049,1366.420044,1366.420044,1204300000
3/1/00,1366.420044,1383.459961,1366.420044,1379.189941,1379.189941,1274100000
3/2/00,1379.189941,1386.560059,1370.349976,1381.76001,1381.76001,1198600000
3/3/00,1381.76001,1410.880005,1381.76001,1409.170044,1409.170044,1150300000
3/6/00,1409.170044,1409.73999,1384.75,1391.280029,1391.280029,1029000000
3/7/00,1391.280029,1399.209961,1349.98999,1355.619995,1355.619995,1314100000
3/8/00,1355.619995,1373.790039,1346.619995,1366.699951,1366.699951,1203000000
3/9/00,1366.699951,1401.819946,1357.880005,1401.689941,1401.689941,1123000000
3/10/00,1401.689941,1413.459961,1392.069946,1395.069946,1395.069946,1138800000
3/13/00,1395.069946,1398.390015,1364.839966,1383.619995,1383.619995,1016100000
3/14/00,1383.619995,1395.150024,1359.150024,1359.150024,1359.150024,1094000000
3/15/00,1359.150024,1397.98999,1356.98999,1392.140015,1392.140015,1302800000
3/16/00,1392.150024,1458.469971,1392.150024,1458.469971,1458.469971,1482300000
3/17/00,1458.469971,1477.329956,1453.319946,1464.469971,1464.469971,1295100000
3/20/00,1464.469971,1470.300049,1448.48999,1456.630005,1456.630005,920800000
3/21/00,1456.630005,1493.920044,1446.060059,1493.869995,1493.869995,1065900000
3/22/00,1493.869995,1505.079956,1487.329956,1500.640015,1500.640015,1075000000
3/23/00,1500.640015,1532.5,1492.390015,1527.349976,1527.349976,1078300000
3/24/00,1527.349976,1552.869995,1516.829956,1527.459961,1527.459961,1052200000
3/27/00,1527.459961,1534.630005,1518.459961,1523.859985,1523.859985,901000000
3/28/00,1523.859985,1527.359985,1507.089966,1507.72998,1507.72998,959100000
3/29/00,1507.72998,1521.449951,1497.449951,1508.52002,1508.52002,1061900000
3/30/00,1508.52002,1517.380005,1474.630005,1487.920044,1487.920044,1193400000
3/31/00,1487.920044,1519.810059,1484.380005,1498.579956,1498.579956,1227400000
4/3/00,1498.579956,1507.189941,1486.959961,1505.969971,1505.969971,1021700000
4/4/00,1505.97998,1526.449951,1416.410034,1494.72998,1494.72998,1515460000
4/5/00,1494.72998,1506.550049,1478.050049,1487.369995,1487.369995,1110300000
4/6/00,1487.369995,1511.76001,1487.369995,1501.339966,1501.339966,1008000000
4/7/00,1501.339966,1518.680054,1501.339966,1516.349976,1516.349976,891600000
4/10/00,1516.349976,1527.189941,1503.349976,1504.459961,1504.459961,853700000
4/11/00,1504.459961,1512.800049,1486.780029,1500.589966,1500.589966,971400000
4/12/00,1500.589966,1509.079956,1466.150024,1467.170044,1467.170044,1175900000
4/13/00,1467.170044,1477.52002,1439.339966,1440.51001,1440.51001,1032000000
4/14/00,1440.51001,1440.51001,1339.400024,1356.560059,1356.560059,1279700000
4/17/00,1356.560059,1401.530029,1346.5,1401.439941,1401.439941,1204700000
4/18/00,1401.439941,1441.609985,1397.810059,1441.609985,1441.609985,1109400000
4/19/00,1441.609985,1447.689941,1424.26001,1427.469971,1427.469971,1001400000
4/20/00,1427.469971,1435.48999,1422.079956,1434.540039,1434.540039,896200000
4/24/00,1434.540039,1434.540039,1407.130005,1429.859985,1429.859985,868700000
4/25/00,1429.859985,1477.670044,1429.859985,1477.439941,1477.439941,1071100000
4/26/00,1477.439941,1482.939941,1456.97998,1460.98999,1460.98999,999600000
4/27/00,1460.98999,1469.209961,1434.810059,1464.920044,1464.920044,1111000000
4/28/00,1464.920044,1473.619995,1448.150024,1452.430054,1452.430054,984600000
5/1/00,1452.430054,1481.51001,1452.430054,1468.25,1468.25,966300000
5/2/00,1468.25,1468.25,1445.219971,1446.290039,1446.290039,1011500000
5/3/00,1446.290039,1446.290039,1398.359985,1415.099976,1415.099976,991600000
5/4/00,1415.099976,1420.98999,1404.939941,1409.569946,1409.569946,925800000
5/5/00,1409.569946,1436.030029,1405.079956,1432.630005,1432.630005,805500000
5/8/00,1432.630005,1432.630005,1417.050049,1424.170044,1424.170044,787600000
5/9/00,1424.170044,1430.280029,1401.849976,1412.140015,1412.140015,896600000
5/10/00,1412.140015,1412.140015,1375.140015,1383.050049,1383.050049,1006400000
5/11/00,1383.050049,1410.26001,1383.050049,1407.810059,1407.810059,953600000
5/12/00,1407.810059,1430.130005,1407.810059,1420.959961,1420.959961,858200000
5/15/00,1420.959961,1452.390015,1416.540039,1452.359985,1452.359985,854600000
5/16/00,1452.359985,1470.400024,1450.76001,1466.040039,1466.040039,955500000
5/17/00,1466.040039,1466.040039,1441.670044,1447.800049,1447.800049,820500000
5/18/00,1447.800049,1458.040039,1436.589966,1437.209961,1437.209961,807900000
5/19/00,1437.209961,1437.209961,1401.73999,1406.949951,1406.949951,853700000
5/22/00,1406.949951,1410.550049,1368.72998,1400.719971,1400.719971,869000000
5/23/00,1400.719971,1403.77002,1373.430054,1373.859985,1373.859985,869900000
5/24/00,1373.859985,1401.75,1361.089966,1399.050049,1399.050049,1152300000
5/25/00,1399.050049,1411.650024,1373.930054,1381.52002,1381.52002,984500000
5/26/00,1381.52002,1391.420044,1369.75,1378.02002,1378.02002,722600000
5/30/00,1378.02002,1422.449951,1378.02002,1422.449951,1422.449951,844200000
5/31/00,1422.439941,1434.48999,1415.5,1420.599976,1420.599976,960500000
6/1/00,1420.599976,1448.810059,1420.599976,1448.810059,1448.810059,960100000
6/2/00,1448.810059,1483.22998,1448.810059,1477.26001,1477.26001,1162400000
6/5/00,1477.26001,1477.280029,1464.680054,1467.630005,1467.630005,838600000
6/6/00,1467.630005,1471.359985,1454.73999,1457.839966,1457.839966,950100000
6/7/00,1457.839966,1474.640015,1455.060059,1471.359985,1471.359985,854600000
6/8/00,1471.359985,1475.650024,1456.48999,1461.670044,1461.670044,854300000
6/9/00,1461.670044,1472.670044,1454.959961,1456.949951,1456.949951,786000000
6/12/00,1456.949951,1462.930054,1445.98999,1446,1446,774100000
6/13/00,1446,1470.420044,1442.380005,1469.439941,1469.439941,935900000
6/14/00,1469.439941,1483.619995,1467.709961,1470.540039,1470.540039,929700000
6/15/00,1470.540039,1482.040039,1464.619995,1478.72998,1478.72998,1011400000
6/16/00,1478.72998,1480.77002,1460.420044,1464.459961,1464.459961,1250800000
6/19/00,1464.459961,1488.930054,1459.050049,1486,1486,921700000
6/20/00,1486,1487.319946,1470.180054,1475.949951,1475.949951,1031500000
6/21/00,1475.949951,1482.189941,1468,1479.130005,1479.130005,1009600000
6/22/00,1479.130005,1479.130005,1448.030029,1452.180054,1452.180054,1022700000
6/23/00,1452.180054,1459.939941,1438.310059,1441.47998,1441.47998,847600000
6/26/00,1441.47998,1459.660034,1441.47998,1455.310059,1455.310059,889000000
6/27/00,1455.310059,1463.349976,1450.550049,1450.550049,1450.550049,1042500000
6/28/00,1450.550049,1467.630005,1450.550049,1454.819946,1454.819946,1095100000
6/29/00,1454.819946,1455.140015,1434.630005,1442.390015,1442.390015,1110900000
6/30/00,1442.390015,1454.680054,1438.709961,1454.599976,1454.599976,1459700000
7/3/00,1454.599976,1469.579956,1450.849976,1469.540039,1469.540039,451900000
7/5/00,1469.540039,1469.540039,1442.449951,1446.22998,1446.22998,1019300000
7/6/00,1446.22998,1461.650024,1439.560059,1456.670044,1456.670044,947300000
7/7/00,1456.670044,1484.119995,1456.670044,1478.900024,1478.900024,931700000
7/10/00,1478.900024,1486.560059,1474.76001,1475.619995,1475.619995,838700000
7/11/00,1475.619995,1488.77002,1470.47998,1480.880005,1480.880005,980500000
7/12/00,1480.880005,1497.689941,1480.880005,1492.920044,1492.920044,1001200000
7/13/00,1492.920044,1501.390015,1489.650024,1495.839966,1495.839966,1026800000
7/14/00,1495.839966,1509.98999,1494.560059,1509.97998,1509.97998,960600000
7/17/00,1509.97998,1517.319946,1505.26001,1510.48999,1510.48999,906000000
7/18/00,1510.48999,1510.48999,1491.349976,1493.73999,1493.73999,908300000
7/19/00,1493.73999,1495.630005,1479.920044,1481.959961,1481.959961,909400000
7/20/00,1481.959961,1501.920044,1481.959961,1495.569946,1495.569946,1064600000
7/21/00,1495.569946,1495.569946,1477.910034,1480.189941,1480.189941,968300000
7/24/00,1480.189941,1485.880005,1463.800049,1464.290039,1464.290039,880300000
7/25/00,1464.290039,1476.22998,1464.290039,1474.469971,1474.469971,969400000
7/26/00,1474.469971,1474.469971,1452.420044,1452.420044,1452.420044,1235800000
7/27/00,1452.420044,1464.910034,1445.329956,1449.619995,1449.619995,1156400000
7/28/00,1449.619995,1456.680054,1413.890015,1419.890015,1419.890015,980000000
7/31/00,1419.890015,1437.650024,1418.709961,1430.829956,1430.829956,952600000
8/1/00,1430.829956,1443.540039,1428.959961,1438.099976,1438.099976,938700000
8/2/00,1438.099976,1451.589966,1433.48999,1438.699951,1438.699951,994500000
8/3/00,1438.699951,1454.189941,1425.430054,1452.560059,1452.560059,1095600000
8/4/00,1452.560059,1462.930054,1451.310059,1462.930054,1462.930054,956000000
8/7/00,1462.930054,1480.800049,1460.719971,1479.319946,1479.319946,854800000
8/8/00,1479.319946,1484.52002,1472.609985,1482.800049,1482.800049,992200000
8/9/00,1482.800049,1490.329956,1471.160034,1472.869995,1472.869995,1054000000
8/10/00,1472.869995,1475.150024,1459.890015,1460.25,1460.25,940800000
8/11/00,1460.25,1475.719971,1453.060059,1471.839966,1471.839966,835500000
8/14/00,1471.839966,1491.640015,1468.560059,1491.560059,1491.560059,783800000
8/15/00,1491.560059,1493.119995,1482.73999,1484.430054,1484.430054,895900000
8/16/00,1484.430054,1496.089966,1475.73999,1479.849976,1479.849976,929800000
8/17/00,1479.849976,1499.319946,1479.849976,1496.069946,1496.069946,922400000
8/18/00,1496.069946,1499.469971,1488.98999,1491.719971,1491.719971,821400000
8/21/00,1491.719971,1502.839966,1491.130005,1499.47998,1499.47998,731600000
8/22/00,1499.47998,1508.449951,1497.420044,1498.130005,1498.130005,818800000
8/23/00,1498.130005,1507.199951,1489.52002,1505.969971,1505.969971,871000000
8/24/00,1505.969971,1511.160034,1501.25,1508.310059,1508.310059,837100000
8/25/00,1508.310059,1513.469971,1505.089966,1506.449951,1506.449951,685600000
8/28/00,1506.449951,1523.949951,1506.449951,1514.089966,1514.089966,733600000
8/29/00,1514.089966,1514.810059,1505.459961,1509.839966,1509.839966,795600000
8/30/00,1509.839966,1510.48999,1500.089966,1502.589966,1502.589966,818400000
8/31/00,1502.589966,1525.209961,1502.589966,1517.680054,1517.680054,1056600000
9/1/00,1517.680054,1530.089966,1515.530029,1520.77002,1520.77002,767700000
9/5/00,1520.77002,1520.77002,1504.209961,1507.079956,1507.079956,838500000
9/6/00,1507.079956,1512.609985,1492.119995,1492.25,1492.25,995100000
9/7/00,1492.25,1505.339966,1492.25,1502.51001,1502.51001,985500000
9/8/00,1502.51001,1502.51001,1489.880005,1494.5,1494.5,961000000
9/11/00,1494.5,1506.76001,1483.01001,1489.26001,1489.26001,899300000
9/12/00,1489.26001,1496.930054,1479.670044,1481.98999,1481.98999,991200000
9/13/00,1481.98999,1487.449951,1473.609985,1484.910034,1484.910034,1068300000
9/14/00,1484.910034,1494.160034,1476.72998,1480.869995,1480.869995,1014000000
9/15/00,1480.869995,1480.959961,1460.219971,1465.810059,1465.810059,1268400000
9/18/00,1465.810059,1467.77002,1441.920044,1444.51001,1444.51001,962500000
9/19/00,1444.51001,1461.160034,1444.51001,1459.900024,1459.900024,1024900000
9/20/00,1459.900024,1460.48999,1430.949951,1451.339966,1451.339966,1104000000
9/21/00,1451.339966,1452.77002,1436.300049,1449.050049,1449.050049,1105400000
9/22/00,1449.050049,1449.050049,1421.880005,1448.719971,1448.719971,1185500000
9/25/00,1448.719971,1457.420044,1435.930054,1439.030029,1439.030029,982400000
9/26/00,1439.030029,1448.040039,1425.25,1427.209961,1427.209961,1106600000
9/27/00,1427.209961,1437.219971,1419.439941,1426.569946,1426.569946,1174700000
9/28/00,1426.569946,1461.689941,1425.780029,1458.290039,1458.290039,1206200000
9/29/00,1458.290039,1458.290039,1436.290039,1436.51001,1436.51001,1197100000
10/2/00,1436.52002,1445.599976,1429.829956,1436.22998,1436.22998,1051200000
10/3/00,1436.22998,1454.819946,1425.280029,1426.459961,1426.459961,1098100000
10/4/00,1426.459961,1439.98999,1416.310059,1434.319946,1434.319946,1167400000
10/5/00,1434.319946,1444.170044,1431.800049,1436.280029,1436.280029,1176100000
10/6/00,1436.280029,1443.300049,1397.060059,1408.98999,1408.98999,1150100000
10/9/00,1408.98999,1409.689941,1392.47998,1402.030029,1402.030029,716600000
10/10/00,1402.030029,1408.829956,1383.849976,1387.02002,1387.02002,1044000000
10/11/00,1387.02002,1387.02002,1349.670044,1364.589966,1364.589966,1387500000
10/12/00,1364.589966,1374.930054,1328.060059,1329.780029,1329.780029,1388600000
10/13/00,1329.780029,1374.170044,1327.079956,1374.170044,1374.170044,1223900000
10/16/00,1374.170044,1379.47998,1365.060059,1374.619995,1374.619995,1005400000
10/17/00,1374.619995,1380.98999,1342.339966,1349.969971,1349.969971,1161500000
10/18/00,1349.969971,1356.650024,1305.790039,1342.130005,1342.130005,1441700000
10/19/00,1342.130005,1389.930054,1342.130005,1388.76001,1388.76001,1297900000
10/20/00,1388.76001,1408.469971,1382.189941,1396.930054,1396.930054,1177400000
10/23/00,1396.930054,1406.959961,1387.75,1395.780029,1395.780029,1046800000
10/24/00,1395.780029,1415.640015,1388.130005,1398.130005,1398.130005,1158600000
10/25/00,1398.130005,1398.130005,1362.209961,1364.900024,1364.900024,1315600000
10/26/00,1364.900024,1372.719971,1337.810059,1364.439941,1364.439941,1303800000
10/27/00,1364.439941,1384.569946,1364.130005,1379.579956,1379.579956,1086300000
10/30/00,1379.579956,1406.359985,1376.859985,1398.660034,1398.660034,1186500000
10/31/00,1398.660034,1432.219971,1398.660034,1429.400024,1429.400024,1366400000
11/1/00,1429.400024,1429.599976,1410.449951,1421.219971,1421.219971,1206800000
11/2/00,1421.219971,1433.400024,1421.219971,1428.319946,1428.319946,1167700000
11/3/00,1428.319946,1433.209961,1420.920044,1426.689941,1426.689941,997700000
11/6/00,1428.76001,1438.459961,1427.719971,1432.189941,1432.189941,930900000
11/7/00,1432.189941,1436.219971,1423.26001,1431.869995,1431.869995,880900000
11/8/00,1431.869995,1437.280029,1408.780029,1409.280029,1409.280029,909300000
11/9/00,1409.280029,1409.280029,1369.680054,1400.140015,1400.140015,1111000000
11/10/00,1400.140015,1400.140015,1365.969971,1365.97998,1365.97998,962500000
11/13/00,1365.97998,1365.97998,1328.619995,1351.26001,1351.26001,1129300000
11/14/00,1351.26001,1390.060059,1351.26001,1382.949951,1382.949951,1118800000
11/15/00,1382.949951,1395.959961,1374.75,1389.810059,1389.810059,1066800000
11/16/00,1389.810059,1394.76001,1370.390015,1372.319946,1372.319946,956300000
11/17/00,1372.319946,1384.849976,1355.550049,1367.719971,1367.719971,1070400000
11/20/00,1367.719971,1367.719971,1341.670044,1342.619995,1342.619995,955800000
11/21/00,1342.619995,1355.869995,1333.619995,1347.349976,1347.349976,1137100000
11/22/00,1347.349976,1347.349976,1321.890015,1322.359985,1322.359985,963200000
11/24/00,1322.359985,1343.829956,1322.359985,1341.77002,1341.77002,404870000
11/27/00,1341.77002,1362.5,1341.77002,1348.969971,1348.969971,946100000
11/28/00,1348.969971,1358.810059,1334.969971,1336.089966,1336.089966,1028200000
11/29/00,1336.089966,1352.380005,1329.280029,1341.930054,1341.930054,402100000
11/30/00,1341.910034,1341.910034,1294.900024,1314.949951,1314.949951,1186530000
12/1/00,1314.949951,1334.670044,1307.02002,1315.22998,1315.22998,1195200000
12/4/00,1315.180054,1332.060059,1310.22998,1324.969971,1324.969971,1103000000
12/5/00,1324.969971,1376.560059,1324.969971,1376.540039,1376.540039,900300000
12/6/00,1376.540039,1376.540039,1346.150024,1351.459961,1351.459961,1399300000
12/7/00,1351.459961,1353.5,1339.26001,1343.550049,1343.550049,1128000000
12/8/00,1343.550049,1380.329956,1343.550049,1369.890015,1369.890015,1358300000
12/11/00,1369.890015,1389.050049,1364.140015,1380.199951,1380.199951,1202400000
12/12/00,1380.199951,1380.27002,1370.27002,1371.180054,1371.180054,1083400000
12/13/00,1371.180054,1385.819946,1358.47998,1359.98999,1359.98999,1195100000
12/14/00,1359.98999,1359.98999,1340.47998,1340.930054,1340.930054,1061300000
12/15/00,1340.930054,1340.930054,1305.380005,1312.150024,1312.150024,1561100000
12/18/00,1312.150024,1332.319946,1312.150024,1322.73999,1322.73999,1189900000
12/19/00,1322.959961,1346.439941,1305.199951,1305.599976,1305.599976,1324900000
12/20/00,1305.599976,1305.599976,1261.160034,1264.73999,1264.73999,1421600000
12/21/00,1264.73999,1285.310059,1254.069946,1274.859985,1274.859985,1449900000
12/22/00,1274.859985,1305.969971,1274.859985,1305.949951,1305.949951,1087100000
12/26/00,1305.969971,1315.939941,1301.640015,1315.189941,1315.189941,806500000
12/27/00,1315.189941,1332.030029,1310.959961,1328.920044,1328.920044,1092700000
12/28/00,1328.920044,1335.930054,1325.780029,1334.219971,1334.219971,1015300000
12/29/00,1334.219971,1340.099976,1317.51001,1320.280029,1320.280029,1035500000
1/2/01,1320.280029,1320.280029,1276.050049,1283.27002,1283.27002,1129400000
1/3/01,1283.27002,1347.76001,1274.619995,1347.560059,1347.560059,1880700000
1/4/01,1347.560059,1350.23999,1329.140015,1333.339966,1333.339966,2131000000
1/5/01,1333.339966,1334.77002,1294.949951,1298.349976,1298.349976,1430800000
1/8/01,1298.349976,1298.349976,1276.290039,1295.859985,1295.859985,1115500000
1/9/01,1295.859985,1311.719971,1295.140015,1300.800049,1300.800049,1191300000
1/10/01,1300.800049,1313.76001,1287.280029,1313.27002,1313.27002,1296500000
1/11/01,1313.27002,1332.189941,1309.719971,1326.819946,1326.819946,1411200000
1/12/01,1326.819946,1333.209961,1311.589966,1318.550049,1318.550049,1276000000
1/16/01,1318.319946,1327.810059,1313.329956,1326.650024,1326.650024,1205700000
1/17/01,1326.650024,1346.920044,1325.410034,1329.469971,1329.469971,1349100000
1/18/01,1329.890015,1352.709961,1327.410034,1347.969971,1347.969971,1445000000
1/19/01,1347.969971,1354.550049,1336.73999,1342.540039,1342.540039,1407800000
1/22/01,1342.540039,1353.619995,1333.839966,1342.900024,1342.900024,1164000000
1/23/01,1342.900024,1362.900024,1339.630005,1360.400024,1360.400024,1232600000
1/24/01,1360.400024,1369.75,1357.280029,1364.300049,1364.300049,1309000000
1/25/01,1364.300049,1367.349976,1354.630005,1357.51001,1357.51001,1258000000
1/26/01,1357.51001,1357.51001,1342.75,1354.949951,1354.949951,1098000000
1/29/01,1354.920044,1365.540039,1350.359985,1364.170044,1364.170044,1053100000
1/30/01,1364.170044,1375.680054,1356.199951,1373.72998,1373.72998,1149800000
1/31/01,1373.72998,1383.369995,1364.660034,1366.01001,1366.01001,1295300000
2/1/01,1366.01001,1373.5,1359.339966,1373.469971,1373.469971,1118800000
2/2/01,1373.469971,1376.380005,1348.719971,1349.469971,1349.469971,1048400000
2/5/01,1349.469971,1354.560059,1344.47998,1354.310059,1354.310059,1013000000
2/6/01,1354.310059,1363.550049,1350.040039,1352.26001,1352.26001,1059600000
2/7/01,1352.26001,1352.26001,1334.26001,1340.890015,1340.890015,1158300000
2/8/01,1341.099976,1350.319946,1332.420044,1332.530029,1332.530029,1107200000
2/9/01,1332.530029,1332.530029,1309.97998,1314.76001,1314.76001,1075500000
2/12/01,1314.76001,1330.959961,1313.640015,1330.310059,1330.310059,1039100000
2/13/01,1330.310059,1336.619995,1317.51001,1318.800049,1318.800049,1075200000
2/14/01,1318.800049,1320.72998,1304.719971,1315.920044,1315.920044,1150300000
2/15/01,1315.920044,1331.290039,1315.920044,1326.609985,1326.609985,1153700000
2/16/01,1326.609985,1326.609985,1293.180054,1301.530029,1301.530029,1257200000
2/20/01,1301.530029,1307.160034,1278.439941,1278.939941,1278.939941,1112200000
2/21/01,1278.939941,1282.969971,1253.160034,1255.27002,1255.27002,1208500000
2/22/01,1255.27002,1259.939941,1228.329956,1252.819946,1252.819946,1365900000
2/23/01,1252.819946,1252.819946,1215.439941,1245.859985,1245.859985,1231300000
2/26/01,1245.859985,1267.689941,1241.709961,1267.650024,1267.650024,1130800000
2/27/01,1267.650024,1272.76001,1252.26001,1257.939941,1257.939941,1114100000
2/28/01,1257.939941,1263.469971,1229.650024,1239.939941,1239.939941,1225300000
3/1/01,1239.939941,1241.359985,1214.5,1241.22998,1241.22998,1294900000
3/2/01,1241.22998,1251.01001,1219.73999,1234.180054,1234.180054,1294000000
3/5/01,1234.180054,1242.550049,1234.040039,1241.410034,1241.410034,929200000
3/6/01,1241.410034,1267.420044,1241.410034,1253.800049,1253.800049,1091800000
3/7/01,1253.800049,1263.859985,1253.800049,1261.890015,1261.890015,1132200000
3/8/01,1261.890015,1266.5,1257.599976,1264.73999,1264.73999,1114100000
3/9/01,1264.73999,1264.73999,1228.420044,1233.420044,1233.420044,1085900000
3/12/01,1233.420044,1233.420044,1176.780029,1180.160034,1180.160034,1229000000
3/13/01,1180.160034,1197.829956,1171.5,1197.660034,1197.660034,1360900000
3/14/01,1197.660034,1197.660034,1155.349976,1166.709961,1166.709961,1397400000
3/15/01,1166.709961,1182.040039,1166.709961,1173.560059,1173.560059,1259500000
3/16/01,1173.560059,1173.560059,1148.640015,1150.530029,1150.530029,1543560000
3/19/01,1150.530029,1173.5,1147.180054,1170.810059,1170.810059,1126200000
3/20/01,1170.810059,1180.560059,1142.189941,1142.619995,1142.619995,1235900000
3/21/01,1142.619995,1149.390015,1118.73999,1122.140015,1122.140015,1346300000
3/22/01,1122.140015,1124.27002,1081.189941,1117.579956,1117.579956,1723950000
3/23/01,1117.579956,1141.829956,1117.579956,1139.829956,1139.829956,1364900000
3/26/01,1139.829956,1160.02002,1139.829956,1152.689941,1152.689941,1114000000
3/27/01,1152.689941,1183.349976,1150.959961,1182.170044,1182.170044,1314200000
3/28/01,1182.170044,1182.170044,1147.829956,1153.290039,1153.290039,1333400000
3/29/01,1153.290039,1161.689941,1136.26001,1147.949951,1147.949951,1234500000
3/30/01,1147.949951,1162.800049,1143.829956,1160.329956,1160.329956,1280800000
4/2/01,1160.329956,1169.51001,1137.51001,1145.869995,1145.869995,1254900000
4/3/01,1145.869995,1145.869995,1100.189941,1106.459961,1106.459961,1386100000
4/4/01,1106.459961,1117.5,1091.98999,1103.25,1103.25,1425590000
4/5/01,1103.25,1151.469971,1103.25,1151.439941,1151.439941,1368000000
4/6/01,1151.439941,1151.439941,1119.290039,1128.430054,1128.430054,1266800000
4/9/01,1128.430054,1146.130005,1126.380005,1137.589966,1137.589966,1062800000
4/10/01,1137.589966,1173.920044,1137.589966,1168.380005,1168.380005,1349600000
4/11/01,1168.380005,1182.23999,1160.26001,1165.890015,1165.890015,1290300000
4/12/01,1165.890015,1183.51001,1157.72998,1183.5,1183.5,1102000000
4/16/01,1183.5,1184.640015,1167.380005,1179.680054,1179.680054,913900000
4/17/01,1179.680054,1192.25,1168.900024,1191.810059,1191.810059,1109600000
4/18/01,1191.810059,1248.420044,1191.810059,1238.160034,1238.160034,1918900000
4/19/01,1238.160034,1253.709961,1233.390015,1253.689941,1253.689941,1486800000
4/20/01,1253.699951,1253.699951,1234.410034,1242.97998,1242.97998,1338700000
4/23/01,1242.97998,1242.97998,1217.469971,1224.359985,1224.359985,1012600000
4/24/01,1224.359985,1233.540039,1208.890015,1209.469971,1209.469971,1216500000
4/25/01,1209.469971,1232.359985,1207.380005,1228.75,1228.75,1203600000
4/26/01,1228.75,1248.300049,1228.75,1234.52002,1234.52002,1345200000
4/27/01,1234.52002,1253.069946,1234.52002,1253.050049,1253.050049,1091300000
4/30/01,1253.050049,1269.300049,1243.98999,1249.459961,1249.459961,1266800000
5/1/01,1249.459961,1266.469971,1243.550049,1266.439941,1266.439941,1181300000
5/2/01,1266.439941,1272.930054,1257.699951,1267.430054,1267.430054,1342200000
5/3/01,1267.430054,1267.430054,1239.880005,1248.579956,1248.579956,1137900000
5/4/01,1248.579956,1267.51001,1232,1266.609985,1266.609985,1082100000
5/7/01,1266.609985,1270,1259.189941,1263.51001,1263.51001,949000000
5/8/01,1266.709961,1267.01001,1253,1261.199951,1261.199951,1006300000
5/9/01,1261.199951,1261.650024,1247.829956,1255.540039,1255.540039,1132400000
5/10/01,1255.540039,1268.140015,1254.560059,1255.180054,1255.180054,1056700000
5/11/01,1255.180054,1259.839966,1240.790039,1245.670044,1245.670044,906200000
5/14/01,1245.670044,1249.680054,1241.02002,1248.920044,1248.920044,858200000
5/15/01,1248.920044,1257.449951,1245.359985,1249.439941,1249.439941,1071800000
5/16/01,1249.439941,1286.390015,1243.02002,1284.98999,1284.98999,1405300000
5/17/01,1284.98999,1296.47998,1282.650024,1288.48999,1288.48999,1355600000
5/18/01,1288.48999,1292.060059,1281.150024,1291.959961,1291.959961,1130800000
5/21/01,1291.959961,1312.949951,1287.869995,1312.829956,1312.829956,1174900000
5/22/01,1312.829956,1315.930054,1306.890015,1309.380005,1309.380005,1260400000
5/23/01,1309.380005,1309.380005,1288.699951,1289.050049,1289.050049,1134800000
5/24/01,1289.050049,1295.040039,1281.219971,1293.170044,1293.170044,1100700000
5/25/01,1293.170044,1293.170044,1276.420044,1277.890015,1277.890015,828100000
5/29/01,1277.890015,1278.420044,1265.410034,1267.930054,1267.930054,1026000000
5/30/01,1267.930054,1267.930054,1245.959961,1248.079956,1248.079956,1158600000
5/31/01,1248.079956,1261.910034,1248.069946,1255.819946,1255.819946,1226600000
6/1/01,1255.819946,1265.339966,1246.880005,1260.670044,1260.670044,1015000000
6/4/01,1260.670044,1267.170044,1256.359985,1267.109985,1267.109985,836500000
6/5/01,1267.109985,1286.619995,1267.109985,1283.569946,1283.569946,1116800000
6/6/01,1283.569946,1283.849976,1269.01001,1270.030029,1270.030029,1061900000
6/7/01,1270.030029,1277.079956,1265.079956,1276.959961,1276.959961,1089600000
6/8/01,1276.959961,1277.109985,1259.98999,1264.959961,1264.959961,726200000
6/11/01,1264.959961,1264.959961,1249.22998,1254.390015,1254.390015,870100000
6/12/01,1254.390015,1261,1235.75,1255.849976,1255.849976,1136500000
6/13/01,1255.849976,1259.75,1241.589966,1241.599976,1241.599976,1063600000
6/14/01,1241.599976,1241.599976,1218.900024,1219.869995,1219.869995,1242900000
6/15/01,1219.869995,1221.5,1203.030029,1214.359985,1214.359985,1635550000
6/18/01,1214.359985,1221.22998,1208.329956,1208.430054,1208.430054,1111600000
6/19/01,1208.430054,1226.109985,1207.709961,1212.579956,1212.579956,1184900000
6/20/01,1212.579956,1225.609985,1210.069946,1223.140015,1223.140015,1350100000
6/21/01,1223.140015,1240.23999,1220.25,1237.040039,1237.040039,1546820000
6/22/01,1237.040039,1237.72998,1221.410034,1225.349976,1225.349976,1189200000
6/25/01,1225.349976,1231.5,1213.599976,1218.599976,1218.599976,1050100000
6/26/01,1218.599976,1220.699951,1204.640015,1216.76001,1216.76001,1198900000
6/27/01,1216.76001,1219.920044,1207.290039,1211.069946,1211.069946,1162100000
6/28/01,1211.069946,1234.439941,1211.069946,1226.199951,1226.199951,1327300000
6/29/01,1226.199951,1237.290039,1221.140015,1224.380005,1224.380005,1832360000
7/2/01,1224.420044,1239.780029,1224.030029,1236.719971,1236.719971,1128300000
7/3/01,1236.709961,1236.709961,1229.430054,1234.449951,1234.449951,622110000
7/5/01,1234.449951,1234.449951,1219.150024,1219.23999,1219.23999,934900000
7/6/01,1219.23999,1219.23999,1188.73999,1190.589966,1190.589966,1056700000
7/9/01,1190.589966,1201.76001,1189.75,1198.780029,1198.780029,1045700000
7/10/01,1198.780029,1203.430054,1179.930054,1181.52002,1181.52002,1263800000
7/11/01,1181.52002,1184.930054,1168.459961,1180.180054,1180.180054,1384100000
7/12/01,1180.180054,1210.25,1180.180054,1208.140015,1208.140015,1394000000
7/13/01,1208.140015,1218.540039,1203.609985,1215.680054,1215.680054,1121700000
7/16/01,1215.680054,1219.630005,1200.050049,1202.449951,1202.449951,1039800000
7/17/01,1202.449951,1215.359985,1196.140015,1214.439941,1214.439941,1238100000
7/18/01,1214.439941,1214.439941,1198.329956,1207.709961,1207.709961,1316300000
7/19/01,1207.709961,1225.040039,1205.800049,1215.02002,1215.02002,1343500000
7/20/01,1215.02002,1215.689941,1207.040039,1210.849976,1210.849976,1170900000
7/23/01,1210.849976,1215.219971,1190.5,1191.030029,1191.030029,986900000
7/24/01,1191.030029,1191.030029,1165.540039,1171.650024,1171.650024,1198700000
7/25/01,1171.650024,1190.52002,1171.280029,1190.48999,1190.48999,1280700000
7/26/01,1190.48999,1204.180054,1182.650024,1202.930054,1202.930054,1213900000
7/27/01,1202.930054,1209.26001,1195.98999,1205.819946,1205.819946,1015300000
7/30/01,1205.819946,1209.050049,1200.410034,1204.52002,1204.52002,909100000
7/31/01,1204.52002,1222.73999,1204.52002,1211.22998,1211.22998,1129200000
8/1/01,1211.22998,1223.040039,1211.22998,1215.930054,1215.930054,1340300000
8/2/01,1215.930054,1226.27002,1215.310059,1220.75,1220.75,1218300000
8/3/01,1220.75,1220.75,1205.310059,1214.349976,1214.349976,939900000
8/6/01,1214.349976,1214.349976,1197.349976,1200.47998,1200.47998,811700000
8/7/01,1200.469971,1207.560059,1195.640015,1204.400024,1204.400024,1012000000
8/8/01,1204.400024,1206.790039,1181.27002,1183.530029,1183.530029,1124600000
8/9/01,1183.530029,1184.709961,1174.680054,1183.430054,1183.430054,1104200000
8/10/01,1183.430054,1193.329956,1169.550049,1190.160034,1190.160034,960900000
8/13/01,1190.160034,1193.819946,1185.119995,1191.290039,1191.290039,837600000
8/14/01,1191.290039,1198.790039,1184.26001,1186.72998,1186.72998,964600000
8/15/01,1186.72998,1191.209961,1177.609985,1178.02002,1178.02002,1065600000
8/16/01,1178.02002,1181.800049,1166.079956,1181.660034,1181.660034,1055400000
8/17/01,1181.660034,1181.660034,1156.069946,1161.969971,1161.969971,974300000
8/20/01,1161.969971,1171.410034,1160.939941,1171.410034,1171.410034,897100000
8/21/01,1171.410034,1179.849976,1156.560059,1157.26001,1157.26001,1041600000
8/22/01,1157.26001,1168.560059,1153.339966,1165.310059,1165.310059,1110800000
8/23/01,1165.310059,1169.859985,1160.959961,1162.089966,1162.089966,986200000
8/24/01,1162.089966,1185.150024,1162.089966,1184.930054,1184.930054,1043600000
8/27/01,1184.930054,1186.849976,1178.069946,1179.209961,1179.209961,842600000
8/28/01,1179.209961,1179.660034,1161.170044,1161.51001,1161.51001,987100000
8/29/01,1161.51001,1166.969971,1147.380005,1148.560059,1148.560059,963700000
8/30/01,1148.599976,1151.75,1124.869995,1129.030029,1129.030029,1157000000
8/31/01,1129.030029,1141.829956,1126.380005,1133.579956,1133.579956,920100000
9/4/01,1133.579956,1155.400024,1129.060059,1132.939941,1132.939941,1178300000
9/5/01,1132.939941,1135.52002,1114.859985,1131.73999,1131.73999,1384500000
9/6/01,1131.73999,1131.73999,1105.829956,1106.400024,1106.400024,1359700000
9/7/01,1106.400024,1106.400024,1082.119995,1085.780029,1085.780029,1424300000
9/10/01,1085.780029,1096.939941,1073.150024,1092.540039,1092.540039,1276600000
9/17/01,1092.540039,1092.540039,1037.459961,1038.77002,1038.77002,2330830000
9/18/01,1038.77002,1046.420044,1029.25,1032.73999,1032.73999,1650410000
9/19/01,1032.73999,1038.910034,984.619995,1016.099976,1016.099976,2120550000
9/20/01,1016.099976,1016.099976,984.48999,984.539978,984.539978,2004800000
9/21/01,984.539978,984.539978,944.75,965.799988,965.799988,2317300000
9/24/01,965.799988,1008.440002,965.799988,1003.450012,1003.450012,1746600000
9/25/01,1003.450012,1017.140015,998.330017,1012.27002,1012.27002,1613800000
9/26/01,1012.27002,1020.289978,1002.619995,1007.039978,1007.039978,1519100000
9/27/01,1007.039978,1018.919983,998.23999,1018.609985,1018.609985,1467000000
9/28/01,1018.609985,1040.939941,1018.609985,1040.939941,1040.939941,1631500000
10/1/01,1040.939941,1040.939941,1026.76001,1038.550049,1038.550049,1175600000
10/2/01,1038.550049,1051.329956,1034.469971,1051.329956,1051.329956,1289800000
10/3/01,1051.329956,1075.380005,1041.47998,1072.280029,1072.280029,1650600000
10/4/01,1072.280029,1084.119995,1067.819946,1069.630005,1069.630005,1609100000
10/5/01,1069.619995,1072.349976,1053.5,1071.380005,1071.380005,1301700000
10/8/01,1071.369995,1071.369995,1056.880005,1062.439941,1062.439941,979000000
10/9/01,1062.439941,1063.369995,1053.829956,1056.75,1056.75,1227800000
10/10/01,1056.75,1081.619995,1052.76001,1080.98999,1080.98999,1312400000
10/11/01,1080.98999,1099.160034,1080.98999,1097.430054,1097.430054,1704580000
10/12/01,1097.430054,1097.430054,1072.150024,1091.650024,1091.650024,1331400000
10/15/01,1091.650024,1091.650024,1078.189941,1089.97998,1089.97998,1024700000
10/16/01,1089.97998,1101.660034,1087.130005,1097.540039,1097.540039,1210500000
10/17/01,1097.540039,1107.119995,1076.569946,1077.089966,1077.089966,1452200000
10/18/01,1077.089966,1077.939941,1064.540039,1068.609985,1068.609985,1262900000
10/19/01,1068.609985,1075.52002,1057.23999,1073.47998,1073.47998,1294900000
10/22/01,1073.47998,1090.569946,1070.790039,1089.900024,1089.900024,1105700000
10/23/01,1089.900024,1098.98999,1081.530029,1084.780029,1084.780029,1317300000
10/24/01,1084.780029,1090.26001,1079.97998,1085.199951,1085.199951,1336200000
10/25/01,1085.199951,1100.089966,1065.640015,1100.089966,1100.089966,1364400000
10/26/01,1100.089966,1110.609985,1094.23999,1104.609985,1104.609985,1244500000
10/29/01,1104.609985,1104.609985,1078.300049,1078.300049,1078.300049,1106100000
10/30/01,1078.300049,1078.300049,1053.609985,1059.790039,1059.790039,1297400000
10/31/01,1059.790039,1074.790039,1057.550049,1059.780029,1059.780029,1352500000
11/1/01,1059.780029,1085.609985,1054.310059,1084.099976,1084.099976,1317400000
11/2/01,1084.099976,1089.630005,1075.579956,1087.199951,1087.199951,1121900000
11/5/01,1087.199951,1106.719971,1087.199951,1102.839966,1102.839966,1267700000
11/6/01,1102.839966,1119.72998,1095.359985,1118.859985,1118.859985,1356000000
11/7/01,1118.859985,1126.619995,1112.97998,1115.800049,1115.800049,1411300000
11/8/01,1115.800049,1135.75,1115.420044,1118.540039,1118.540039,1517500000
11/9/01,1118.540039,1123.02002,1111.130005,1120.310059,1120.310059,1093800000
11/12/01,1120.310059,1121.709961,1098.319946,1118.329956,1118.329956,991600000
11/13/01,1118.329956,1139.140015,1118.329956,1139.089966,1139.089966,1370100000
11/14/01,1139.089966,1148.280029,1132.869995,1141.209961,1141.209961,1443400000
11/15/01,1141.209961,1146.459961,1135.060059,1142.23999,1142.23999,1454500000
11/16/01,1142.23999,1143.52002,1129.920044,1138.650024,1138.650024,1337400000
11/19/01,1138.650024,1151.060059,1138.650024,1151.060059,1151.060059,1316800000
11/20/01,1151.060059,1152.449951,1142.170044,1142.660034,1142.660034,1330200000
11/21/01,1142.660034,1142.660034,1129.780029,1137.030029,1137.030029,1029300000
11/23/01,1137.030029,1151.050049,1135.900024,1150.339966,1150.339966,410300000
11/26/01,1150.339966,1157.880005,1146.170044,1157.420044,1157.420044,1129800000
11/27/01,1157.420044,1163.380005,1140.810059,1149.5,1149.5,1288000000
11/28/01,1149.5,1149.5,1128.290039,1128.52002,1128.52002,1423700000
11/29/01,1128.52002,1140.400024,1125.51001,1140.199951,1140.199951,1375700000
11/30/01,1140.199951,1143.569946,1135.890015,1139.449951,1139.449951,1343600000
12/3/01,1139.449951,1139.449951,1125.780029,1129.900024,1129.900024,1202900000
12/4/01,1129.900024,1144.800049,1128.859985,1144.800049,1144.800049,1318500000
12/5/01,1143.77002,1173.619995,1143.77002,1170.349976,1170.349976,1765300000
12/6/01,1170.349976,1173.349976,1164.430054,1167.099976,1167.099976,1487900000
12/7/01,1167.099976,1167.099976,1152.660034,1158.310059,1158.310059,1248200000
12/10/01,1158.310059,1158.310059,1139.660034,1139.930054,1139.930054,1218700000
12/11/01,1139.930054,1150.890015,1134.319946,1136.76001,1136.76001,1367200000
12/12/01,1136.76001,1141.579956,1126.01001,1137.069946,1137.069946,1449700000
12/13/01,1137.069946,1137.069946,1117.849976,1119.380005,1119.380005,1511500000
12/14/01,1119.380005,1128.280029,1114.530029,1123.089966,1123.089966,1306800000
12/17/01,1123.089966,1137.300049,1122.660034,1134.359985,1134.359985,1260400000
12/18/01,1134.359985,1145.099976,1134.359985,1142.920044,1142.920044,1354000000
12/19/01,1142.920044,1152.439941,1134.75,1149.560059,1149.560059,1484900000
12/20/01,1149.560059,1151.420044,1139.930054,1139.930054,1139.930054,1490500000
12/21/01,1139.930054,1147.459961,1139.930054,1144.890015,1144.890015,1694000000
12/24/01,1144.890015,1147.829956,1144.619995,1144.650024,1144.650024,439670000
12/26/01,1144.650024,1159.180054,1144.650024,1149.369995,1149.369995,791100000
12/27/01,1149.369995,1157.130005,1149.369995,1157.130005,1157.130005,876300000
12/28/01,1157.130005,1164.640015,1157.130005,1161.02002,1161.02002,917400000
12/31/01,1161.02002,1161.160034,1148.040039,1148.079956,1148.079956,943600000
1/2/02,1148.079956,1154.670044,1136.22998,1154.670044,1154.670044,1171000000
1/3/02,1154.670044,1165.27002,1154.01001,1165.27002,1165.27002,1398900000
1/4/02,1165.27002,1176.550049,1163.420044,1172.51001,1172.51001,1513000000
1/7/02,1172.51001,1176.969971,1163.550049,1164.890015,1164.890015,1308300000
1/8/02,1164.890015,1167.599976,1157.459961,1160.709961,1160.709961,1258800000
1/9/02,1160.709961,1174.26001,1151.890015,1155.140015,1155.140015,1452000000
1/10/02,1155.140015,1159.930054,1150.849976,1156.550049,1156.550049,1299000000
1/11/02,1156.550049,1159.410034,1145.449951,1145.599976,1145.599976,1211900000
1/14/02,1145.599976,1145.599976,1138.150024,1138.410034,1138.410034,1286400000
1/15/02,1138.410034,1148.810059,1136.880005,1146.189941,1146.189941,1386900000
1/16/02,1146.189941,1146.189941,1127.48999,1127.569946,1127.569946,1482500000
1/17/02,1127.569946,1139.27002,1127.569946,1138.880005,1138.880005,1380100000
1/18/02,1138.880005,1138.880005,1124.449951,1127.579956,1127.579956,1333300000
1/22/02,1127.579956,1135.26001,1117.910034,1119.310059,1119.310059,1311600000
1/23/02,1119.310059,1131.939941,1117.430054,1128.180054,1128.180054,1479200000
1/24/02,1128.180054,1139.5,1128.180054,1132.150024,1132.150024,1552800000
1/25/02,1132.150024,1138.310059,1127.819946,1133.280029,1133.280029,1345100000
1/28/02,1133.280029,1138.630005,1126.660034,1133.060059,1133.060059,1186800000
1/29/02,1133.060059,1137.469971,1098.73999,1100.640015,1100.640015,1812000000
1/30/02,1100.640015,1113.790039,1081.660034,1113.569946,1113.569946,2019600000
1/31/02,1113.569946,1130.209961,1113.300049,1130.199951,1130.199951,1557000000
2/1/02,1130.199951,1130.199951,1118.51001,1122.199951,1122.199951,1367200000
2/4/02,1122.199951,1122.199951,1092.25,1094.439941,1094.439941,1437600000
2/5/02,1094.439941,1100.959961,1082.579956,1090.02002,1090.02002,1778300000
2/6/02,1090.02002,1093.579956,1077.780029,1083.51001,1083.51001,1665800000
2/7/02,1083.51001,1094.030029,1078.439941,1080.170044,1080.170044,1441600000
2/8/02,1080.170044,1096.300049,1079.910034,1096.219971,1096.219971,1371900000
2/11/02,1096.219971,1112.01001,1094.680054,1111.939941,1111.939941,1159400000
2/12/02,1111.939941,1112.680054,1102.97998,1107.5,1107.5,1094200000
2/13/02,1107.5,1120.560059,1107.5,1118.51001,1118.51001,1215900000
2/14/02,1118.51001,1124.719971,1112.300049,1116.47998,1116.47998,1272500000
2/15/02,1116.47998,1117.089966,1103.22998,1104.180054,1104.180054,1359200000
2/19/02,1104.180054,1104.180054,1082.23999,1083.339966,1083.339966,1189900000
2/20/02,1083.339966,1098.319946,1074.359985,1097.97998,1097.97998,1438900000
2/21/02,1097.97998,1101.5,1080.23999,1080.949951,1080.949951,1381600000
2/22/02,1080.949951,1093.930054,1074.390015,1089.839966,1089.839966,1411000000
2/25/02,1089.839966,1112.709961,1089.839966,1109.430054,1109.430054,1367400000
2/26/02,1109.430054,1115.050049,1101.719971,1109.380005,1109.380005,1309200000
2/27/02,1109.380005,1123.060059,1102.26001,1109.890015,1109.890015,1393800000
2/28/02,1109.890015,1121.569946,1106.72998,1106.72998,1106.72998,1392200000
3/1/02,1106.72998,1131.790039,1106.72998,1131.780029,1131.780029,1456500000
3/4/02,1131.780029,1153.839966,1130.930054,1153.839966,1153.839966,1594300000
3/5/02,1153.839966,1157.73999,1144.780029,1146.140015,1146.140015,1549300000
3/6/02,1146.140015,1165.290039,1145.109985,1162.77002,1162.77002,1541300000
3/7/02,1162.77002,1167.939941,1150.689941,1157.540039,1157.540039,1517400000
3/8/02,1157.540039,1172.76001,1157.540039,1164.310059,1164.310059,1412000000
3/11/02,1164.310059,1173.030029,1159.579956,1168.26001,1168.26001,1210200000
3/12/02,1168.26001,1168.26001,1154.339966,1165.579956,1165.579956,1304400000
3/13/02,1165.579956,1165.579956,1151.01001,1154.089966,1154.089966,1354000000
3/14/02,1154.089966,1157.829956,1151.079956,1153.040039,1153.040039,1208800000
3/15/02,1153.040039,1166.47998,1153.040039,1166.160034,1166.160034,1493900000
3/18/02,1166.160034,1172.72998,1159.140015,1165.550049,1165.550049,1169500000
3/19/02,1165.550049,1173.939941,1165.550049,1170.290039,1170.290039,1255000000
3/20/02,1170.290039,1170.290039,1151.609985,1151.849976,1151.849976,1304900000
3/21/02,1151.849976,1155.099976,1139.47998,1153.589966,1153.589966,1339200000
3/22/02,1153.589966,1156.48999,1144.599976,1148.699951,1148.699951,1243300000
3/25/02,1148.699951,1151.040039,1131.869995,1131.869995,1131.869995,1057900000
3/26/02,1131.869995,1147,1131.609985,1138.48999,1138.48999,1223600000
3/27/02,1138.48999,1146.949951,1135.329956,1144.579956,1144.579956,1180100000
3/28/02,1144.579956,1154.449951,1144.579956,1147.390015,1147.390015,1147600000
4/1/02,1147.390015,1147.839966,1132.869995,1146.540039,1146.540039,1050900000
4/2/02,1146.540039,1146.540039,1135.709961,1136.76001,1136.76001,1176700000
4/3/02,1136.76001,1138.849976,1119.680054,1125.400024,1125.400024,1219700000
4/4/02,1125.400024,1130.449951,1120.060059,1126.339966,1126.339966,1283800000
4/5/02,1126.339966,1133.310059,1119.48999,1122.72998,1122.72998,1110200000
4/8/02,1122.72998,1125.410034,1111.790039,1125.290039,1125.290039,1095300000
4/9/02,1125.290039,1128.290039,1116.72998,1117.800049,1117.800049,1235400000
4/10/02,1117.800049,1131.76001,1117.800049,1130.469971,1130.469971,1447900000
4/11/02,1130.469971,1130.469971,1102.420044,1103.689941,1103.689941,1505600000
4/12/02,1103.689941,1112.77002,1102.73999,1111.01001,1111.01001,1282100000
4/15/02,1111.01001,1114.859985,1099.410034,1102.550049,1102.550049,1120400000
4/16/02,1102.550049,1129.400024,1102.550049,1128.369995,1128.369995,1341300000
4/17/02,1128.369995,1133,1123.369995,1126.069946,1126.069946,1376900000
4/18/02,1126.069946,1130.48999,1109.290039,1124.469971,1124.469971,1359300000
4/19/02,1124.469971,1128.819946,1122.589966,1125.170044,1125.170044,1185000000
4/22/02,1125.170044,1125.170044,1105.619995,1107.829956,1107.829956,1181800000
4/23/02,1107.829956,1111.170044,1098.939941,1100.959961,1100.959961,1388500000
4/24/02,1100.959961,1108.459961,1092.51001,1093.140015,1093.140015,1373200000
4/25/02,1093.140015,1094.359985,1084.810059,1091.47998,1091.47998,1517400000
4/26/02,1091.47998,1096.77002,1076.310059,1076.319946,1076.319946,1374200000
4/29/02,1076.319946,1078.949951,1063.619995,1065.449951,1065.449951,1314700000
4/30/02,1065.449951,1082.619995,1063.459961,1076.920044,1076.920044,1628600000
5/1/02,1076.920044,1088.319946,1065.290039,1086.459961,1086.459961,1451400000
5/2/02,1086.459961,1091.420044,1079.459961,1084.560059,1084.560059,1364000000
5/3/02,1084.560059,1084.560059,1068.890015,1073.430054,1073.430054,1284500000
5/6/02,1073.430054,1075.959961,1052.650024,1052.670044,1052.670044,1122600000
5/7/02,1052.670044,1058.670044,1048.959961,1049.48999,1049.48999,1354700000
5/8/02,1049.48999,1088.920044,1049.48999,1088.849976,1088.849976,1502000000
5/9/02,1088.849976,1088.849976,1072.22998,1073.01001,1073.01001,1153000000
5/10/02,1073.01001,1075.430054,1053.930054,1054.98999,1054.98999,1171900000
5/13/02,1054.98999,1074.839966,1053.900024,1074.560059,1074.560059,1088600000
5/14/02,1074.560059,1097.709961,1074.560059,1097.280029,1097.280029,1414500000
5/15/02,1097.280029,1104.22998,1088.939941,1091.069946,1091.069946,1420200000
5/16/02,1091.069946,1099.290039,1089.170044,1098.22998,1098.22998,1256600000
5/17/02,1098.22998,1106.589966,1096.77002,1106.589966,1106.589966,1274400000
5/20/02,1106.589966,1106.589966,1090.609985,1091.880005,1091.880005,989800000
5/21/02,1091.880005,1099.550049,1079.079956,1079.880005,1079.880005,1200500000
5/22/02,1079.880005,1086.02002,1075.640015,1086.02002,1086.02002,1136300000
5/23/02,1086.02002,1097.099976,1080.550049,1097.079956,1097.079956,1192900000
5/24/02,1097.079956,1097.079956,1082.189941,1083.819946,1083.819946,885400000
5/28/02,1083.819946,1085.97998,1070.310059,1074.550049,1074.550049,996500000
5/29/02,1074.550049,1074.829956,1067.660034,1067.660034,1067.660034,1081800000
5/30/02,1067.660034,1069.5,1054.26001,1064.660034,1064.660034,1286600000
5/31/02,1064.660034,1079.930054,1064.660034,1067.140015,1067.140015,1277300000
6/3/02,1067.140015,1070.73999,1039.900024,1040.680054,1040.680054,1324300000
6/4/02,1040.680054,1046.060059,1030.52002,1040.689941,1040.689941,1466600000
6/5/02,1040.689941,1050.109985,1038.839966,1049.900024,1049.900024,1300100000
6/6/02,1049.900024,1049.900024,1026.910034,1029.150024,1029.150024,1601500000
6/7/02,1029.150024,1033.02002,1012.48999,1027.530029,1027.530029,1341300000
6/10/02,1027.530029,1038.180054,1025.449951,1030.73999,1030.73999,1226200000
6/11/02,1030.73999,1039.040039,1012.940002,1013.599976,1013.599976,1212400000
6/12/02,1013.26001,1021.849976,1002.580017,1020.26001,1020.26001,1795720000
6/13/02,1020.26001,1023.469971,1008.119995,1009.559998,1009.559998,1405500000
6/14/02,1009.559998,1009.559998,981.630005,1007.27002,1007.27002,1549000000
6/17/02,1007.27002,1036.170044,1007.27002,1036.170044,1036.170044,1236600000
6/18/02,1036.170044,1040.829956,1030.920044,1037.140015,1037.140015,1193100000
6/19/02,1037.140015,1037.609985,1017.880005,1019.98999,1019.98999,1336100000
6/20/02,1019.98999,1023.330017,1004.590027,1006.289978,1006.289978,1389700000
6/21/02,1006.289978,1006.289978,985.650024,989.140015,989.140015,1497200000
6/24/02,989.140015,1002.109985,970.849976,992.719971,992.719971,1552600000
6/25/02,992.719971,1005.880005,974.210022,976.140015,976.140015,1513700000
6/26/02,976.140015,977.429993,952.919983,973.530029,973.530029,2014290000
6/27/02,973.530029,990.669983,963.73999,990.640015,990.640015,1908600000
6/28/02,990.640015,1001.789978,988.309998,989.820007,989.820007,2117000000
7/1/02,989.820007,994.460022,967.429993,968.650024,968.650024,1425500000
7/2/02,968.650024,968.650024,945.539978,948.090027,948.090027,1823000000
7/3/02,948.090027,954.299988,934.869995,953.98999,953.98999,1527800000
7/5/02,953.98999,989.070007,953.98999,989.030029,989.030029,699400000
7/8/02,989.030029,993.559998,972.909973,976.97998,976.97998,1184400000
7/9/02,976.97998,979.630005,951.710022,952.830017,952.830017,1348900000
7/10/02,952.830017,956.340027,920.289978,920.469971,920.469971,1816900000
7/11/02,920.469971,929.159973,900.940002,927.369995,927.369995,2080480000
7/12/02,927.369995,934.309998,913.710022,921.390015,921.390015,1607400000
7/15/02,921.390015,921.390015,876.460022,917.929993,917.929993,2574800000
7/16/02,917.929993,918.650024,897.130005,900.940002,900.940002,1843700000
7/17/02,901.049988,926.52002,895.030029,906.039978,906.039978,2566500000
7/18/02,905.450012,907.799988,880.599976,881.559998,881.559998,1736300000
7/19/02,881.559998,881.559998,842.070007,847.75,847.75,2654100000
7/22/02,847.76001,854.130005,813.26001,819.849976,819.849976,2248060000
7/23/02,819.849976,827.690002,796.130005,797.700012,797.700012,2441020000
7/24/02,797.710022,844.320007,775.679993,843.429993,843.429993,2775560000
7/25/02,843.419983,853.830017,816.109985,838.679993,838.679993,2424700000
7/26/02,838.679993,852.849976,835.919983,852.840027,852.840027,1796100000
7/29/02,852.840027,898.960022,852.840027,898.960022,898.960022,1778650000
7/30/02,898.960022,909.809998,884.700012,902.780029,902.780029,1826090000
7/31/02,902.780029,911.640015,889.880005,911.619995,911.619995,2049360000
8/1/02,911.619995,911.619995,882.47998,884.659973,884.659973,1672200000
8/2/02,884.400024,884.719971,853.950012,864.23999,864.23999,1538100000
8/5/02,864.23999,864.23999,833.440002,834.599976,834.599976,1425500000
8/6/02,834.599976,874.440002,834.599976,859.570007,859.570007,1514100000
8/7/02,859.570007,878.73999,854.150024,876.77002,876.77002,1490400000
8/8/02,876.77002,905.840027,875.169983,905.460022,905.460022,1646700000
8/9/02,898.72998,913.950012,890.77002,908.640015,908.640015,1294900000
8/12/02,908.640015,908.640015,892.380005,903.799988,903.799988,1036500000
8/13/02,903.799988,911.710022,883.619995,884.210022,884.210022,1297700000
8/14/02,884.210022,920.210022,876.200012,919.619995,919.619995,1533800000
8/15/02,919.619995,933.289978,918.169983,930.25,930.25,1505100000
8/16/02,930.25,935.380005,916.210022,928.77002,928.77002,1265300000
8/19/02,928.77002,951.169983,927.210022,950.700012,950.700012,1299800000
8/20/02,950.700012,950.700012,931.859985,937.429993,937.429993,1308500000
8/21/02,937.429993,951.590027,931.320007,949.359985,949.359985,1353100000
8/22/02,949.359985,965,946.429993,962.700012,962.700012,1373000000
8/23/02,962.700012,962.700012,937.169983,940.859985,940.859985,1071500000
8/26/02,940.859985,950.799988,930.419983,947.950012,947.950012,1016900000
8/27/02,947.950012,955.820007,930.359985,934.820007,934.820007,1307700000
8/28/02,934.820007,934.820007,913.210022,917.869995,917.869995,1146600000
8/29/02,917.869995,924.590027,903.330017,917.799988,917.799988,1271100000
8/30/02,917.799988,928.150024,910.169983,916.070007,916.070007,929900000
9/3/02,916.070007,916.070007,877.51001,878.02002,878.02002,1289800000
9/4/02,878.02002,896.099976,875.72998,893.400024,893.400024,1372100000
9/5/02,893.400024,893.400024,870.5,879.150024,879.150024,1401300000
9/6/02,879.150024,899.070007,879.150024,893.919983,893.919983,1184500000
9/9/02,893.919983,907.340027,882.919983,902.960022,902.960022,1130600000
9/10/02,902.960022,909.890015,900.5,909.580017,909.580017,1186400000
9/11/02,910.630005,924.02002,908.469971,909.450012,909.450012,846600000
9/12/02,909.450012,909.450012,884.840027,886.909973,886.909973,1191600000
9/13/02,886.909973,892.75,877.049988,889.809998,889.809998,1271000000
9/16/02,889.809998,891.840027,878.909973,891.099976,891.099976,1001400000
9/17/02,891.099976,902.679993,872.380005,873.52002,873.52002,1448600000
9/18/02,873.52002,878.450012,857.390015,869.460022,869.460022,1501000000
9/19/02,869.460022,869.460022,843.090027,843.320007,843.320007,1524000000
9/20/02,843.320007,849.320007,839.090027,845.390015,845.390015,1792800000
9/23/02,845.390015,845.390015,825.76001,833.700012,833.700012,1381100000
9/24/02,833.700012,833.700012,817.380005,819.289978,819.289978,1670240000
9/25/02,819.27002,844.219971,818.460022,839.659973,839.659973,1651500000
9/26/02,839.659973,856.599976,839.659973,854.950012,854.950012,1650000000
9/27/02,854.950012,854.950012,826.840027,827.369995,827.369995,1507300000
9/30/02,827.369995,827.369995,800.200012,815.280029,815.280029,1721870000
10/1/02,815.280029,847.929993,812.820007,847.909973,847.909973,1780900000
10/2/02,843.77002,851.929993,826.5,827.909973,827.909973,1668900000
10/3/02,827.909973,840.02002,817.25,818.950012,818.950012,1674500000
10/4/02,818.950012,825.900024,794.099976,800.580017,800.580017,1835930000
10/7/02,800.580017,808.210022,782.960022,785.280029,785.280029,1576500000
10/8/02,785.280029,808.859985,779.5,798.549988,798.549988,1938430000
10/9/02,798.549988,798.549988,775.799988,776.76001,776.76001,1885030000
10/10/02,776.76001,806.51001,768.630005,803.919983,803.919983,2090230000
10/11/02,803.919983,843.27002,803.919983,835.320007,835.320007,1854130000
10/14/02,835.320007,844.390015,828.369995,841.440002,841.440002,1200300000
10/15/02,841.440002,881.27002,841.440002,881.27002,881.27002,1956000000
10/16/02,881.27002,881.27002,856.280029,860.02002,860.02002,1585000000
10/17/02,860.02002,885.349976,860.02002,879.200012,879.200012,1780390000
10/18/02,879.200012,886.679993,866.580017,884.390015,884.390015,1423100000
10/21/02,884.390015,900.690002,873.059998,899.719971,899.719971,1447000000
10/22/02,899.719971,899.719971,882.400024,890.159973,890.159973,1549200000
10/23/02,890.159973,896.140015,873.820007,896.140015,896.140015,1593900000
10/24/02,896.140015,902.940002,879,882.5,882.5,1700570000
10/25/02,882.5,897.710022,877.030029,897.650024,897.650024,1340400000
10/28/02,897.650024,907.440002,886.150024,890.22998,890.22998,1382600000
10/29/02,890.22998,890.640015,867.909973,882.150024,882.150024,1529700000
10/30/02,882.150024,895.280029,879.190002,890.710022,890.710022,1422300000
10/31/02,890.710022,898.830017,879.75,885.76001,885.76001,1641300000
11/1/02,885.76001,903.419983,877.710022,900.960022,900.960022,1450400000
11/4/02,900.960022,924.580017,900.960022,908.349976,908.349976,1645900000
11/5/02,908.349976,915.830017,904.909973,915.390015,915.390015,1354100000
11/6/02,915.390015,925.659973,905,923.76001,923.76001,1674000000
11/7/02,923.76001,923.76001,898.679993,902.650024,902.650024,1466900000
11/8/02,902.650024,910.109985,891.619995,894.73999,894.73999,1446500000
11/11/02,894.73999,894.73999,874.630005,876.190002,876.190002,1113000000
11/12/02,876.190002,894.299988,876.190002,882.950012,882.950012,1377100000
11/13/02,882.950012,892.51001,872.049988,882.530029,882.530029,1463400000
11/14/02,882.530029,904.27002,882.530029,904.27002,904.27002,1519000000
11/15/02,904.27002,910.210022,895.349976,909.830017,909.830017,1400100000
11/18/02,909.830017,915.909973,899.47998,900.359985,900.359985,1282600000
11/19/02,900.359985,905.450012,893.090027,896.73999,896.73999,1337400000
11/20/02,896.73999,915.01001,894.929993,914.150024,914.150024,1517300000
11/21/02,914.150024,935.130005,914.150024,933.76001,933.76001,2415100000
11/22/02,933.76001,937.280029,928.409973,930.549988,930.549988,1626800000
11/25/02,930.549988,937.150024,923.309998,932.869995,932.869995,1574000000
11/26/02,932.869995,932.869995,912.099976,913.309998,913.309998,1543600000
11/27/02,913.309998,940.409973,913.309998,938.869995,938.869995,1350300000
11/29/02,938.869995,941.820007,935.580017,936.309998,936.309998,643460000
12/2/02,936.309998,954.280029,927.719971,934.530029,934.530029,1612000000
12/3/02,934.530029,934.530029,918.72998,920.75,920.75,1488400000
12/4/02,920.75,925.25,909.51001,917.580017,917.580017,1588900000
12/5/02,917.580017,921.48999,905.900024,906.549988,906.549988,1250200000
12/6/02,906.549988,915.47998,895.960022,912.22998,912.22998,1241100000
12/9/02,912.22998,912.22998,891.969971,892,892,1320800000
12/10/02,892,904.950012,892,904.450012,904.450012,1286600000
12/11/02,904.450012,909.940002,896.47998,904.960022,904.960022,1285100000
12/12/02,904.960022,908.369995,897,901.580017,901.580017,1255300000
12/13/02,901.580017,901.580017,888.47998,889.47998,889.47998,1330800000
12/16/02,889.47998,910.419983,889.47998,910.400024,910.400024,1271600000
12/17/02,910.400024,911.219971,901.73999,902.98999,902.98999,1251800000
12/18/02,902.98999,902.98999,887.820007,891.119995,891.119995,1446200000
12/19/02,890.02002,899.190002,880.320007,884.25,884.25,1385900000
12/20/02,884.25,897.789978,884.25,895.76001,895.76001,1782730000
12/23/02,895.73999,902.429993,892.26001,897.380005,897.380005,1112100000
12/24/02,897.380005,897.380005,892.289978,892.469971,892.469971,458310000
12/26/02,892.469971,903.890015,887.47998,889.659973,889.659973,721100000
12/27/02,889.659973,890.460022,873.619995,875.400024,875.400024,758400000
12/30/02,875.400024,882.099976,870.22998,879.390015,879.390015,1057800000
12/31/02,879.390015,881.929993,869.450012,879.820007,879.820007,1088500000
1/2/03,879.820007,909.030029,879.820007,909.030029,909.030029,1229200000
1/3/03,909.030029,911.25,903.070007,908.590027,908.590027,1130800000
1/6/03,908.590027,931.77002,908.590027,929.01001,929.01001,1435900000
1/7/03,929.01001,930.809998,919.929993,922.929993,922.929993,1545200000
1/8/03,922.929993,922.929993,908.320007,909.929993,909.929993,1467600000
1/9/03,909.929993,928.309998,909.929993,927.570007,927.570007,1560300000
1/10/03,927.580017,932.890015,917.659973,927.570007,927.570007,1485400000
1/13/03,927.570007,935.049988,922.049988,926.26001,926.26001,1396300000
1/14/03,926.26001,931.659973,921.719971,931.659973,931.659973,1379400000
1/15/03,931.659973,932.590027,916.700012,918.219971,918.219971,1432100000
1/16/03,918.219971,926.030029,911.97998,914.599976,914.599976,1534600000
1/17/03,914.599976,914.599976,899.02002,901.780029,901.780029,1358200000
1/21/03,901.780029,906,887.619995,887.619995,887.619995,1335200000
1/22/03,887.619995,889.73999,877.640015,878.359985,878.359985,1560800000
1/23/03,878.359985,890.25,876.890015,887.340027,887.340027,1744550000
1/24/03,887.340027,887.340027,859.710022,861.400024,861.400024,1574800000
1/27/03,861.400024,863.950012,844.25,847.47998,847.47998,1435900000
1/28/03,847.47998,860.76001,847.47998,858.539978,858.539978,1459100000
1/29/03,858.539978,868.719971,845.859985,864.359985,864.359985,1595400000
1/30/03,864.359985,865.47998,843.73999,844.609985,844.609985,1510300000
1/31/03,844.609985,858.330017,840.340027,855.700012,855.700012,1578530000
2/3/03,855.700012,864.640015,855.700012,860.320007,860.320007,1258500000
2/4/03,860.320007,860.320007,840.190002,848.200012,848.200012,1451600000
2/5/03,848.200012,861.630005,842.109985,843.590027,843.590027,1450800000
2/6/03,843.590027,844.22998,833.25,838.150024,838.150024,1430900000
2/7/03,838.150024,845.72998,826.700012,829.690002,829.690002,1276800000
2/10/03,829.690002,837.159973,823.530029,835.969971,835.969971,1238200000
2/11/03,835.969971,843.02002,825.090027,829.200012,829.200012,1307000000
2/12/03,829.200012,832.119995,818.48999,818.679993,818.679993,1260500000
2/13/03,818.679993,821.25,806.289978,817.369995,817.369995,1489300000
2/14/03,817.369995,834.890015,815.030029,834.890015,834.890015,1404600000
2/18/03,834.890015,852.869995,834.890015,851.169983,851.169983,1250800000
2/19/03,851.169983,851.169983,838.789978,845.130005,845.130005,1075600000
2/20/03,845.130005,849.369995,836.559998,837.099976,837.099976,1194100000
2/21/03,837.099976,852.280029,831.47998,848.169983,848.169983,1398200000
2/24/03,848.169983,848.169983,832.159973,832.580017,832.580017,1229200000
2/25/03,832.580017,839.549988,818.539978,838.570007,838.570007,1483700000
2/26/03,838.570007,840.099976,826.679993,827.549988,827.549988,1374400000
2/27/03,827.549988,842.190002,827.549988,837.280029,837.280029,1287800000
2/28/03,837.280029,847,837.280029,841.150024,841.150024,1373300000
3/3/03,841.150024,852.340027,832.73999,834.809998,834.809998,1208900000
3/4/03,834.809998,835.429993,821.960022,821.98999,821.98999,1256600000
3/5/03,821.98999,829.869995,819,829.849976,829.849976,1332700000
3/6/03,829.849976,829.849976,819.849976,822.099976,822.099976,1299200000
3/7/03,822.099976,829.549988,811.22998,828.890015,828.890015,1368500000
3/10/03,828.890015,828.890015,806.570007,807.47998,807.47998,1255000000
3/11/03,807.47998,814.25,800.299988,800.72998,800.72998,1427700000
3/12/03,800.72998,804.190002,788.900024,804.190002,804.190002,1620000000
3/13/03,804.190002,832.02002,804.190002,831.900024,831.900024,1816300000
3/14/03,831.890015,841.390015,828.26001,833.27002,833.27002,1541900000
3/17/03,833.27002,862.789978,827.169983,862.789978,862.789978,1700420000
3/18/03,862.789978,866.940002,857.359985,866.450012,866.450012,1555100000
3/19/03,866.450012,874.98999,861.210022,874.02002,874.02002,1473400000
3/20/03,874.02002,879.599976,859.01001,875.669983,875.669983,1439100000
3/21/03,875.840027,895.900024,875.840027,895.789978,895.789978,1883710000
3/24/03,895.789978,895.789978,862.02002,864.22998,864.22998,1293000000
3/25/03,864.22998,879.869995,862.590027,874.73999,874.73999,1333400000
3/26/03,874.73999,875.799988,866.469971,869.950012,869.950012,1319700000
3/27/03,869.950012,874.150024,858.090027,868.52002,868.52002,1232900000
3/28/03,868.52002,869.880005,860.830017,863.5,863.5,1227000000
3/31/03,863.5,863.5,843.679993,848.179993,848.179993,1495500000
4/1/03,848.179993,861.280029,847.849976,858.47998,858.47998,1461600000
4/2/03,858.47998,884.570007,858.47998,880.900024,880.900024,1589800000
4/3/03,880.900024,885.890015,876.119995,876.450012,876.450012,1339500000
4/4/03,876.450012,882.72998,874.22998,878.849976,878.849976,1241200000
4/7/03,878.849976,904.890015,878.849976,879.929993,879.929993,1494000000
4/8/03,879.929993,883.109985,874.679993,878.289978,878.289978,1235400000
4/9/03,878.289978,887.349976,865.719971,865.98999,865.98999,1293700000
4/10/03,865.98999,871.780029,862.76001,871.580017,871.580017,1275300000
4/11/03,871.580017,883.340027,865.919983,868.299988,868.299988,1141600000
4/14/03,868.299988,885.26001,868.299988,885.22998,885.22998,1131000000
4/15/03,885.22998,891.27002,881.849976,890.809998,890.809998,1460200000
4/16/03,890.809998,896.77002,877.929993,879.909973,879.909973,1587600000
4/17/03,879.909973,893.830017,879.200012,893.580017,893.580017,1430600000
4/21/03,893.580017,898.01001,888.169983,892.01001,892.01001,1118700000
4/22/03,892.01001,911.73999,886.700012,911.369995,911.369995,1631200000
4/23/03,911.369995,919.73999,909.890015,919.02002,919.02002,1667200000
4/24/03,919.02002,919.02002,906.690002,911.429993,911.429993,1648100000
4/25/03,911.429993,911.429993,897.52002,898.809998,898.809998,1335800000
4/28/03,898.809998,918.150024,898.809998,914.840027,914.840027,1273000000
4/29/03,914.840027,924.23999,911.099976,917.840027,917.840027,1525600000
4/30/03,917.840027,922.01001,911.700012,916.919983,916.919983,1788510000
5/1/03,916.919983,919.679993,902.830017,916.299988,916.299988,1397500000
5/2/03,916.299988,930.559998,912.349976,930.080017,930.080017,1554300000
5/5/03,930.080017,933.880005,924.549988,926.549988,926.549988,1446300000
5/6/03,926.549988,939.609985,926.380005,934.390015,934.390015,1649600000
5/7/03,934.390015,937.219971,926.409973,929.619995,929.619995,1531900000
5/8/03,929.619995,929.619995,919.719971,920.27002,920.27002,1379600000
5/9/03,920.27002,933.77002,920.27002,933.409973,933.409973,1326100000
5/12/03,933.409973,946.840027,929.299988,945.109985,945.109985,1378800000
5/13/03,945.109985,947.51001,938.909973,942.299988,942.299988,1418100000
5/14/03,942.299988,947.289978,935.23999,939.280029,939.280029,1401800000
5/15/03,939.280029,948.22998,938.789978,946.669983,946.669983,1508700000
5/16/03,946.669983,948.650024,938.599976,944.299988,944.299988,1505500000
5/19/03,944.299988,944.299988,920.22998,920.77002,920.77002,1375700000
5/20/03,920.77002,925.340027,912.049988,919.72998,919.72998,1505300000
5/21/03,919.72998,923.849976,914.909973,923.419983,923.419983,1457800000
5/22/03,923.419983,935.299988,922.539978,931.869995,931.869995,1448500000
5/23/03,931.869995,935.200012,927.419983,933.219971,933.219971,1201000000
5/27/03,933.219971,952.76001,927.330017,951.47998,951.47998,1532000000
5/28/03,951.47998,959.390015,950.119995,953.219971,953.219971,1559000000
5/29/03,953.219971,962.080017,946.22998,949.640015,949.640015,1685800000
5/30/03,949.640015,965.380005,949.640015,963.590027,963.590027,1688800000
6/2/03,963.590027,979.109985,963.590027,967,967,1662500000
6/3/03,967,973.02002,964.469971,971.559998,971.559998,1450200000
6/4/03,971.559998,987.849976,970.719971,986.23999,986.23999,1618700000
6/5/03,986.23999,990.140015,978.130005,990.140015,990.140015,1693100000
6/6/03,990.140015,1007.690002,986.01001,987.76001,987.76001,1837200000
6/9/03,987.76001,987.76001,972.590027,975.929993,975.929993,1307000000
6/10/03,975.929993,984.840027,975.929993,984.840027,984.840027,1275400000
6/11/03,984.840027,997.47998,981.609985,997.47998,997.47998,1520000000
6/12/03,997.47998,1002.73999,991.27002,998.51001,998.51001,1553100000
6/13/03,998.51001,1000.919983,984.27002,988.609985,988.609985,1271600000
6/16/03,988.609985,1010.859985,988.609985,1010.73999,1010.73999,1345900000
6/17/03,1010.73999,1015.330017,1007.039978,1011.659973,1011.659973,1479700000
6/18/03,1011.659973,1015.119995,1004.609985,1010.090027,1010.090027,1488900000
6/19/03,1010.090027,1011.219971,993.080017,994.700012,994.700012,1530100000
6/20/03,994.700012,1002.090027,993.359985,995.690002,995.690002,1698000000
6/23/03,995.690002,995.690002,977.400024,981.640015,981.640015,1398100000
6/24/03,981.640015,987.840027,979.080017,983.450012,983.450012,1388300000
6/25/03,983.450012,991.640015,974.859985,975.320007,975.320007,1459200000
6/26/03,975.320007,986.530029,973.799988,985.820007,985.820007,1387400000
6/27/03,985.820007,988.880005,974.289978,976.219971,976.219971,1267800000
6/30/03,976.219971,983.609985,973.599976,974.5,974.5,1587200000
7/1/03,974.5,983.26001,962.099976,982.320007,982.320007,1460200000
7/2/03,982.320007,993.780029,982.320007,993.75,993.75,1519300000
7/3/03,993.75,995,983.340027,985.700012,985.700012,775900000
7/7/03,985.700012,1005.559998,985.700012,1004.419983,1004.419983,1429100000
7/8/03,1004.419983,1008.919983,998.72998,1007.840027,1007.840027,1565700000
7/9/03,1007.840027,1010.429993,998.169983,1002.210022,1002.210022,1618000000
7/10/03,1002.210022,1002.210022,983.630005,988.700012,988.700012,1465700000
7/11/03,988.700012,1000.859985,988.700012,998.140015,998.140015,1212700000
7/14/03,998.140015,1015.409973,998.140015,1003.859985,1003.859985,1448900000
7/15/03,1003.859985,1009.609985,996.669983,1000.419983,1000.419983,1518600000
7/16/03,1000.419983,1003.469971,989.299988,994.090027,994.090027,1662000000
7/17/03,994,994,978.599976,981.72998,981.72998,1661400000
7/18/03,981.72998,994.25,981.710022,993.320007,993.320007,1365200000
7/21/03,993.320007,993.320007,975.630005,978.799988,978.799988,1254200000
7/22/03,978.799988,990.289978,976.080017,988.109985,988.109985,1439700000
7/23/03,988.109985,989.859985,979.789978,988.609985,988.609985,1362700000
7/24/03,988.609985,998.890015,981.070007,981.599976,981.599976,1559000000
7/25/03,981.599976,998.710022,977.48999,998.679993,998.679993,1397500000
7/28/03,998.679993,1000.679993,993.590027,996.52002,996.52002,1328600000
7/29/03,996.52002,998.640015,984.150024,989.280029,989.280029,1508900000
7/30/03,989.280029,992.619995,985.960022,987.48999,987.48999,1391900000
7/31/03,987.48999,1004.590027,987.48999,990.309998,990.309998,1608000000
8/1/03,990.309998,990.309998,978.859985,980.150024,980.150024,1390600000
8/4/03,980.150024,985.75,966.789978,982.820007,982.820007,1318700000
8/5/03,982.820007,982.820007,964.969971,965.460022,965.460022,1351700000
8/6/03,965.460022,975.73999,960.840027,967.080017,967.080017,1491000000
8/7/03,967.080017,974.890015,963.820007,974.119995,974.119995,1389300000
8/8/03,974.119995,980.570007,973.830017,977.590027,977.590027,1086600000
8/11/03,977.590027,985.460022,974.210022,980.590027,980.590027,1022200000
8/12/03,980.590027,990.409973,979.900024,990.349976,990.349976,1132300000
8/13/03,990.349976,992.5,980.849976,984.030029,984.030029,1208800000
8/14/03,984.030029,991.909973,980.359985,990.51001,990.51001,1186800000
8/15/03,990.51001,992.390015,987.099976,990.669983,990.669983,636370000
8/18/03,990.669983,1000.349976,990.669983,999.73999,999.73999,1127600000
8/19/03,999.73999,1003.299988,995.299988,1002.349976,1002.349976,1300600000
8/20/03,1002.349976,1003.539978,996.619995,1000.299988,1000.299988,1210800000
8/21/03,1000.299988,1009.530029,999.330017,1003.27002,1003.27002,1407100000
8/22/03,1003.27002,1011.01001,992.619995,993.059998,993.059998,1308900000
8/25/03,993.059998,993.710022,987.909973,993.710022,993.710022,971700000
8/26/03,993.710022,997.929993,983.570007,996.72998,996.72998,1178700000
8/27/03,996.72998,998.049988,993.330017,996.789978,996.789978,1051400000
8/28/03,996.789978,1004.119995,991.419983,1002.840027,1002.840027,1165200000
8/29/03,1002.840027,1008.849976,999.52002,1008.01001,1008.01001,945100000
9/2/03,1008.01001,1022.590027,1005.72998,1021.98999,1021.98999,1470500000
9/3/03,1021.98999,1029.339966,1021.98999,1026.27002,1026.27002,1675600000
9/4/03,1026.27002,1029.170044,1022.190002,1027.969971,1027.969971,1453900000
9/5/03,1027.969971,1029.209961,1018.190002,1021.390015,1021.390015,1465200000
9/8/03,1021.390015,1032.410034,1021.390015,1031.640015,1031.640015,1299300000
9/9/03,1031.640015,1031.640015,1021.140015,1023.169983,1023.169983,1414800000
9/10/03,1023.169983,1023.169983,1009.73999,1010.919983,1010.919983,1582100000
9/11/03,1010.919983,1020.880005,1010.919983,1016.419983,1016.419983,1335900000
9/12/03,1016.419983,1019.650024,1007.710022,1018.630005,1018.630005,1236700000
9/15/03,1018.630005,1019.789978,1013.590027,1014.809998,1014.809998,1151300000
9/16/03,1014.809998,1029.660034,1014.809998,1029.319946,1029.319946,1403200000
9/17/03,1029.319946,1031.339966,1024.530029,1025.969971,1025.969971,1338210000
9/18/03,1025.969971,1040.160034,1025.75,1039.579956,1039.579956,1498800000
9/19/03,1039.579956,1040.290039,1031.890015,1036.300049,1036.300049,1518600000
9/22/03,1036.300049,1036.300049,1018.299988,1022.820007,1022.820007,1278800000
9/23/03,1022.820007,1030.119995,1021.539978,1029.030029,1029.030029,1301700000
9/24/03,1029.030029,1029.829956,1008.929993,1009.380005,1009.380005,1556000000
9/25/03,1009.380005,1015.969971,1003.26001,1003.27002,1003.27002,1530000000
9/26/03,1003.27002,1003.450012,996.080017,996.849976,996.849976,1472500000
9/29/03,996.849976,1006.890015,995.309998,1006.580017,1006.580017,1366500000
9/30/03,1006.580017,1006.580017,990.359985,995.969971,995.969971,1590500000
10/1/03,995.969971,1018.219971,995.969971,1018.219971,1018.219971,1566300000
10/2/03,1018.219971,1021.869995,1013.380005,1020.23999,1020.23999,1269300000
10/3/03,1020.23999,1039.310059,1020.23999,1029.849976,1029.849976,1570500000
10/6/03,1029.849976,1036.47998,1029.150024,1034.349976,1034.349976,1025800000
10/7/03,1034.349976,1039.25,1026.27002,1039.25,1039.25,1279500000
10/8/03,1039.25,1040.060059,1030.959961,1033.780029,1033.780029,1262500000
10/9/03,1033.780029,1048.280029,1033.780029,1038.72998,1038.72998,1578700000
10/10/03,1038.72998,1040.839966,1035.73999,1038.060059,1038.060059,1108100000
10/13/03,1038.060059,1048.900024,1038.060059,1045.349976,1045.349976,1040500000
10/14/03,1045.349976,1049.48999,1040.839966,1049.47998,1049.47998,1271900000
10/15/03,1049.47998,1053.790039,1043.150024,1046.76001,1046.76001,1521100000
10/16/03,1046.76001,1052.939941,1044.040039,1050.069946,1050.069946,1417700000
10/17/03,1050.069946,1051.890015,1036.569946,1039.319946,1039.319946,1352000000
10/20/03,1039.319946,1044.689941,1036.130005,1044.680054,1044.680054,1172600000
10/21/03,1044.680054,1048.569946,1042.589966,1046.030029,1046.030029,1498000000
10/22/03,1046.030029,1046.030029,1028.390015,1030.359985,1030.359985,1647200000
10/23/03,1030.359985,1035.439941,1025.890015,1033.77002,1033.77002,1604300000
10/24/03,1033.77002,1033.77002,1018.320007,1028.910034,1028.910034,1420300000
10/27/03,1028.910034,1037.75,1028.910034,1031.130005,1031.130005,1371800000
10/28/03,1031.130005,1046.790039,1031.130005,1046.790039,1046.790039,1629200000
10/29/03,1046.790039,1049.829956,1043.349976,1048.109985,1048.109985,1562600000
10/30/03,1048.109985,1052.810059,1043.819946,1046.939941,1046.939941,1629700000
10/31/03,1046.939941,1053.089966,1046.939941,1050.709961,1050.709961,1498900000
11/3/03,1050.709961,1061.439941,1050.709961,1059.02002,1059.02002,1378200000
11/4/03,1059.02002,1059.02002,1051.699951,1053.25,1053.25,1417600000
11/5/03,1053.25,1054.540039,1044.880005,1051.810059,1051.810059,1401800000
11/6/03,1051.810059,1058.939941,1046.930054,1058.050049,1058.050049,1453900000
11/7/03,1058.050049,1062.390015,1052.170044,1053.209961,1053.209961,1440500000
11/10/03,1053.209961,1053.650024,1045.579956,1047.109985,1047.109985,1243600000
11/11/03,1047.109985,1048.22998,1043.459961,1046.569946,1046.569946,1162500000
11/12/03,1046.569946,1059.099976,1046.569946,1058.530029,1058.530029,1349300000
11/13/03,1058.560059,1059.619995,1052.959961,1058.410034,1058.410034,1383000000
11/14/03,1058.410034,1063.650024,1048.109985,1050.349976,1050.349976,1356100000
11/17/03,1050.349976,1050.349976,1035.280029,1043.630005,1043.630005,1374300000
11/18/03,1043.630005,1048.77002,1034,1034.150024,1034.150024,1354300000
11/19/03,1034.150024,1043.949951,1034.150024,1042.439941,1042.439941,1326200000
11/20/03,1042.439941,1046.47998,1033.420044,1033.650024,1033.650024,1326700000
11/21/03,1033.650024,1037.569946,1031.199951,1035.280029,1035.280029,1273800000
11/24/03,1035.280029,1052.079956,1035.280029,1052.079956,1052.079956,1302800000
11/25/03,1052.079956,1058.050049,1049.310059,1053.890015,1053.890015,1333700000
11/26/03,1053.890015,1058.449951,1048.280029,1058.449951,1058.449951,1097700000
11/28/03,1058.449951,1060.630005,1056.77002,1058.199951,1058.199951,487220000
12/1/03,1058.199951,1070.469971,1058.199951,1070.119995,1070.119995,1375000000
12/2/03,1070.119995,1071.219971,1065.219971,1066.619995,1066.619995,1383200000
12/3/03,1066.619995,1074.300049,1064.630005,1064.72998,1064.72998,1441700000
12/4/03,1064.72998,1070.369995,1063.150024,1069.719971,1069.719971,1463100000
12/5/03,1069.719971,1069.719971,1060.089966,1061.5,1061.5,1265900000
12/8/03,1061.5,1069.589966,1060.930054,1069.300049,1069.300049,1218900000
12/9/03,1069.300049,1071.939941,1059.160034,1060.180054,1060.180054,1465500000
12/10/03,1060.180054,1063.02002,1053.410034,1059.050049,1059.050049,1444000000
12/11/03,1059.050049,1073.630005,1059.050049,1071.209961,1071.209961,1441100000
12/12/03,1071.209961,1074.76001,1067.640015,1074.140015,1074.140015,1223100000
12/15/03,1074.140015,1082.790039,1068,1068.040039,1068.040039,1520800000
12/16/03,1068.040039,1075.939941,1068.040039,1075.130005,1075.130005,1547900000
12/17/03,1075.130005,1076.540039,1071.140015,1076.47998,1076.47998,1441700000
12/18/03,1076.47998,1089.5,1076.47998,1089.180054,1089.180054,1579900000
12/19/03,1089.180054,1091.060059,1084.189941,1088.660034,1088.660034,1657300000
12/22/03,1088.660034,1092.939941,1086.140015,1092.939941,1092.939941,1251700000
12/23/03,1092.939941,1096.949951,1091.72998,1096.02002,1096.02002,1145300000
12/24/03,1096.02002,1096.400024,1092.72998,1094.040039,1094.040039,518060000